-- Crear un usuario
CREATE USER concesionario IDENTIFIED BY tu_contraseña;

-- Conceder privilegios al usuario
GRANT CONNECT, RESOURCE, DBA TO concesionario;

-- Asignar la tablespace por defecto (opcional, dependiendo de tu configuración de Oracle)
ALTER USER concesionario DEFAULT TABLESPACE users QUOTA UNLIMITED ON users;

-- Conectar como el nuevo usuario
CONNECT concesionario/tu_contraseña;

--------------------
--Tablas-- 
--------------------
-- Tabla: PUESTOS
CREATE TABLE PUESTOS (
    ID_PUESTO INT PRIMARY KEY,
    DESC_PUESTO VARCHAR2(100),
    SALARIO NUMBER
);

-- Tabla: EMPLEADOS
CREATE TABLE EMPLEADOS (
    ID_EMPLEADO INT PRIMARY KEY,
    ID_PUESTO INT,
    NOMBRE VARCHAR2(50),
    APELLIDO VARCHAR2(50),
    EDAD INT,
    EMAIL VARCHAR2(100),
    TELEFONO VARCHAR2(20),
    FECHA_CONTRATACION DATE,
    ESTATUS VARCHAR2(50),
    CONSTRAINT fk_empleado_puesto FOREIGN KEY (ID_PUESTO) REFERENCES PUESTOS(ID_PUESTO)
);

-- Tabla: CLIENTES
CREATE TABLE CLIENTES (
    ID_CLIENTE INT PRIMARY KEY,
    NOMBRE VARCHAR2(50),
    APELLIDO VARCHAR2(50),
    DIRECCION VARCHAR2(100),
    TELEFONO VARCHAR2(20),
    EMAIL VARCHAR2(100)
);

-- Tabla: PROVEEDORES
CREATE TABLE PROVEEDORES (
    ID_PROVEEDOR INT PRIMARY KEY,
    NOMBRE VARCHAR2(50),
    DIRECCION VARCHAR2(100),
    TELEFONO VARCHAR2(20),
    EMAIL VARCHAR2(100)
);

-- Tabla: SERVICIOS
CREATE TABLE SERVICIOS (
    ID_SERVICIO INT PRIMARY KEY,
    DESC_SERVICIO VARCHAR2(100),
    PRECIO NUMBER
);

-- Tabla: MANTENIMIENTO

CREATE TABLE MANTENIMIENTO (
    ID_MANTENIMIENTO INT PRIMARY KEY,
    ID_AUTO INT,
    ID_SERVICIO INT,
    FECHA DATE,
    DIAGNOSTICO VARCHAR(200),
    FOREIGN KEY (ID_AUTO) REFERENCES auto(ID_AUTO),
    FOREIGN KEY (ID_SERVICIO) REFERENCES servicio(ID_SERVICIO)
);


-- Tabla: AUTOS

CREATE TABLE AUTOS (
    ID_AUTO INT PRIMARY KEY,
    ID_PROVEEDOR INT,
    MODELO VARCHAR2(50),
    MARCA VARCHAR2(50),
    AÑO INT,
    PRECIO NUMBER,
    COLOR VARCHAR2(20),
    CILINDRADA INT,
    TIPO_GASOLINA VARCHAR2(20),
    KILOMETRAJE NUMBER,
    CANTIDAD INT,
    ID_MANTENIMIENTO INT,
    TIPO_TRANSMISION VARCHAR2(20),
    ESTADO VARCHAR2(50),
    CONSTRAINT fk_auto_proveedor FOREIGN KEY (ID_PROVEEDOR) REFERENCES PROVEEDORES(ID_PROVEEDOR),
    CONSTRAINT fk_auto_mantenimiento FOREIGN KEY (ID_MANTENIMIENTO) REFERENCES MANTENIMIENTO(ID_MANTENIMIENTO)
);

-- Tabla: FACTURAS
CREATE TABLE FACTURAS (
    ID_FACTURA INT PRIMARY KEY,
    SUB_TOTAL NUMBER,
    TOTAL NUMBER,
    FECHA DATE,
    HORA TIMESTAMP,
    ID_EMPLEADO INT,
    CONSTRAINT fk_factura_empleado FOREIGN KEY (ID_EMPLEADO) REFERENCES EMPLEADOS(ID_EMPLEADO)
);

-- Tabla: VENTAS
CREATE TABLE VENTAS (
    ID_VENTA INT PRIMARY KEY,
    ID_FACTURA INT,
    FECHA DATE,
    ID_CLIENTE INT,
    ID_AUTO INT,
    ID_EMPLEADO INT,
    CONSTRAINT fk_venta_factura FOREIGN KEY (ID_FACTURA) REFERENCES FACTURAS(ID_FACTURA),
    CONSTRAINT fk_venta_cliente FOREIGN KEY (ID_CLIENTE) REFERENCES CLIENTES(ID_CLIENTE),
    CONSTRAINT fk_venta_auto FOREIGN KEY (ID_AUTO) REFERENCES AUTOS(ID_AUTO),
    CONSTRAINT fk_venta_empleado FOREIGN KEY (ID_EMPLEADO) REFERENCES EMPLEADOS(ID_EMPLEADO)
);

-- Tabla: REPUESTO
CREATE TABLE REPUESTO (
    ID_ITEM INT PRIMARY KEY,
    ID_AUTO INT,
    DESCRIPCION_REPUESTO VARCHAR2(100), 
    CANTIDAD INT,
    CONSTRAINT fk_repuesto_auto FOREIGN KEY (ID_AUTO) REFERENCES AUTOS(ID_AUTO)
);

-- Tabla: COTIZACIONES
CREATE TABLE COTIZACIONES (
    ID_COTIZACION INT PRIMARY KEY,
    ID_CLIENTE INT,
    ID_AUTO INT,
    PRECIO_PROPUESTO NUMBER,
    FECHA DATE,
    ESTADO VARCHAR2(50),
    CONSTRAINT fk_cotizacion_cliente FOREIGN KEY (ID_CLIENTE) REFERENCES CLIENTES(ID_CLIENTE),
    CONSTRAINT fk_cotizacion_auto FOREIGN KEY (ID_AUTO) REFERENCES AUTOS(ID_AUTO)
);

-- Tabla: FINANCIAMIENTO
CREATE TABLE FINANCIAMIENTO (
    ID_FINANCIAMIENTO INT PRIMARY KEY,
    ID_CLIENTE INT,
    ID_AUTO INT,
    MONTO_PRESTAMO NUMBER,
    TASA_INTERES NUMBER,
    DURACION_MESES INT,
    FECHA_INICIO DATE,
    FECHA_FINAL DATE,
    ENTIDAD_BANCARIA VARCHAR2(50),
    CONSTRAINT fk_financiamiento_cliente FOREIGN KEY (ID_CLIENTE) REFERENCES CLIENTES(ID_CLIENTE),
    CONSTRAINT fk_financiamiento_auto FOREIGN KEY (ID_AUTO) REFERENCES AUTOS(ID_AUTO)
);

--------------------
--Inserts--
--------------------
-- Insertar datos en la tabla: PUESTOS
INSERT INTO PUESTOS VALUES (1, 'Gerente', 2000);
INSERT INTO PUESTOS VALUES (2, 'Vendedor', 1500);
INSERT INTO PUESTOS VALUES (3, 'Mecanico', 1200);
INSERT INTO PUESTOS VALUES (4, 'Administrador', 1800);
INSERT INTO PUESTOS VALUES (5, 'Contador', 1600);
INSERT INTO PUESTOS VALUES (6, 'Recepcionista', 1100);
INSERT INTO PUESTOS VALUES (7, 'Limpieza', 800);
INSERT INTO PUESTOS VALUES (8, 'Seguridad', 1000);
INSERT INTO PUESTOS VALUES (9, 'Jefe de Taller', 1900);
INSERT INTO PUESTOS VALUES (10, 'Asistente', 1300);


-- Insertar datos en la tabla: EMPLEADOS
INSERT INTO EMPLEADOS VALUES (1, 1, 'Carlos', 'Gomez', 45, 'carlos.gomez@example.com', '123456789', TO_DATE('2010-01-15', 'YYYY-MM-DD'), 'Activo');
INSERT INTO EMPLEADOS VALUES (2, 2, 'Ana', 'Lopez', 32, 'ana.lopez@example.com', '123456790', TO_DATE('2015-03-22', 'YYYY-MM-DD'), 'Activo');
INSERT INTO EMPLEADOS VALUES (3, 3, 'Luis', 'Martinez', 28, 'luis.martinez@example.com', '123456791', TO_DATE('2018-07-10', 'YYYY-MM-DD'), 'Activo');
INSERT INTO EMPLEADOS VALUES (4, 4, 'Maria', 'Garcia', 40, 'maria.garcia@example.com', '123456792', TO_DATE('2012-05-18', 'YYYY-MM-DD'), 'Activo');
INSERT INTO EMPLEADOS VALUES (5, 5, 'Jose', 'Rodriguez', 37, 'jose.rodriguez@example.com', '123456793', TO_DATE('2013-09-05', 'YYYY-MM-DD'), 'Activo');
INSERT INTO EMPLEADOS VALUES (6, 6, 'Lucia', 'Fernandez', 25, 'lucia.fernandez@example.com', '123456794', TO_DATE('2020-11-23', 'YYYY-MM-DD'), 'Activo');
INSERT INTO EMPLEADOS VALUES (7, 7, 'Miguel', 'Gonzalez', 50, 'miguel.gonzalez@example.com', '123456795', TO_DATE('2008-12-01', 'YYYY-MM-DD'), 'Activo');
INSERT INTO EMPLEADOS VALUES (8, 8, 'Laura', 'Hernandez', 27, 'laura.hernandez@example.com', '123456796', TO_DATE('2019-04-15', 'YYYY-MM-DD'), 'Activo');
INSERT INTO EMPLEADOS VALUES (9, 9, 'Pedro', 'Diaz', 35, 'pedro.diaz@example.com', '123456797', TO_DATE('2014-06-30', 'YYYY-MM-DD'), 'Activo');
INSERT INTO EMPLEADOS VALUES (10, 10, 'Sofia', 'Perez', 30, 'sofia.perez@example.com', '123456798', TO_DATE('2016-08-20', 'YYYY-MM-DD'), 'Activo');

-- Insertar datos en la tabla: CLIENTES
INSERT INTO CLIENTES VALUES (1, 'Juan', 'Perez', 'Calle 1', '123456701', 'juan.perez@example.com');
INSERT INTO CLIENTES VALUES (2, 'Marta', 'Sanchez', 'Calle 2', '123456702', 'marta.sanchez@example.com');
INSERT INTO CLIENTES VALUES (3, 'Carlos', 'Lopez', 'Calle 3', '123456703', 'carlos.lopez@example.com');
INSERT INTO CLIENTES VALUES (4, 'Ana', 'Gonzalez', 'Calle 4', '123456704', 'ana.gonzalez@example.com');
INSERT INTO CLIENTES VALUES (5, 'Luis', 'Martinez', 'Calle 5', '123456705', 'luis.martinez@example.com');
INSERT INTO CLIENTES VALUES (6, 'Lucia', 'Rodriguez', 'Calle 6', '123456706', 'lucia.rodriguez@example.com');
INSERT INTO CLIENTES VALUES (7, 'Miguel', 'Fernandez', 'Calle 7', '123456707', 'miguel.fernandez@example.com');
INSERT INTO CLIENTES VALUES (8, 'Laura', 'Garcia', 'Calle 8', '123456708', 'laura.garcia@example.com');
INSERT INTO CLIENTES VALUES (9, 'Pedro', 'Diaz', 'Calle 9', '123456709', 'pedro.diaz@example.com');
INSERT INTO CLIENTES VALUES (10, 'Sofia', 'Hernandez', 'Calle 10', '123456710', 'sofia.hernandez@example.com');

-- Insertar datos en la tabla: PROVEEDORES
INSERT INTO PROVEEDORES VALUES (1, 'Toyota', 'Avenida 123, Ciudad', '123456711', 'contact@toyota.com');
INSERT INTO PROVEEDORES VALUES (2, 'Ford', 'Calle 456, Ciudad', '123456712', 'contact@ford.com');
INSERT INTO PROVEEDORES VALUES (3, 'Chevrolet', 'Boulevard 789, Ciudad', '123456713', 'contact@chevrolet.com');
INSERT INTO PROVEEDORES VALUES (4, 'Honda', 'Avenida Principal, Ciudad', '123456714', 'contact@honda.com');
INSERT INTO PROVEEDORES VALUES (5, 'Nissan', 'Calle Secundaria, Ciudad', '123456715', 'contact@nissan.com');
INSERT INTO PROVEEDORES VALUES (6, 'BMW', 'Calle Tercera, Ciudad', '123456716', 'contact@bmw.com');
INSERT INTO PROVEEDORES VALUES (7, 'Audi', 'Avenida Cuarta, Ciudad', '123456717', 'contact@audi.com');
INSERT INTO PROVEEDORES VALUES (8, 'Mercedes-Benz', 'Boulevard Quinto, Ciudad', '123456718', 'contact@mercedes-benz.com');
INSERT INTO PROVEEDORES VALUES (9, 'Hyundai', 'Avenida Sexta, Ciudad', '123456719', 'contact@hyundai.com');
INSERT INTO PROVEEDORES VALUES (10, 'Volkswagen', 'Calle Séptima, Ciudad', '123456720', 'contact@volkswagen.com');

-- Insertar datos en la tabla: SERVICIOS
INSERT INTO SERVICIOS VALUES (1, 'Cambio de aceite', 50);
INSERT INTO SERVICIOS VALUES (2, 'Alineación y balanceo', 40);
INSERT INTO SERVICIOS VALUES (3, 'Revisión de frenos', 30);
INSERT INTO SERVICIOS VALUES (4, 'Cambio de bujías', 25);
INSERT INTO SERVICIOS VALUES (5, 'Cambio de llantas', 200);
INSERT INTO SERVICIOS VALUES (6, 'Diagnóstico general', 70);
INSERT INTO SERVICIOS VALUES (7, 'Cambio de batería', 80);
INSERT INTO SERVICIOS VALUES (8, 'Revisión de suspensión', 60);
INSERT INTO SERVICIOS VALUES (9, 'Reparación de motor', 500);
INSERT INTO SERVICIOS VALUES (10, 'Revisión de transmisión', 100);

-- Insertar datos en la tabla: MANTENIMIENTO
INSERT INTO MANTENIMIENTO VALUES (1, 1, 1, TO_DATE('2024-01-10', 'YYYY-MM-DD'), 50, 'Cambio de aceite');
INSERT INTO MANTENIMIENTO VALUES (2, 2, 2, TO_DATE('2024-02-15', 'YYYY-MM-DD'), 40, 'Alineación y balanceo');
INSERT INTO MANTENIMIENTO VALUES (3, 3, 3, TO_DATE('2024-03-20', 'YYYY-MM-DD'), 30, 'Revisión de frenos');
INSERT INTO MANTENIMIENTO VALUES (4, 4, 4, TO_DATE('2024-04-25', 'YYYY-MM-DD'), 25, 'Cambio de bujías');
INSERT INTO MANTENIMIENTO VALUES (5, 5, 5, TO_DATE('2024-05-30', 'YYYY-MM-DD'), 200, 'Cambio de llantas');
INSERT INTO MANTENIMIENTO VALUES (6, 6, 6, TO_DATE('2024-06-05', 'YYYY-MM-DD'), 70, 'Diagnóstico general');
INSERT INTO MANTENIMIENTO VALUES (7, 7, 7, TO_DATE('2024-07-10', 'YYYY-MM-DD'), 80, 'Cambio de batería');
INSERT INTO MANTENIMIENTO VALUES (8, 8, 8, TO_DATE('2024-08-15', 'YYYY-MM-DD'), 60, 'Revisión de suspensión');
INSERT INTO MANTENIMIENTO VALUES (9, 9, 9, TO_DATE('2024-09-20', 'YYYY-MM-DD'), 500, 'Reparación de motor');
INSERT INTO MANTENIMIENTO VALUES (10, 10, 10, TO_DATE('2024-10-25', 'YYYY-MM-DD'), 100, 'Revisión de transmisión');

-- Insertar datos en la tabla: AUTOS
INSERT INTO AUTOS VALUES (1, 1, 'Corolla', 'Toyota', 2020, 20000, 'Blanco', 1800, 'Gasolina', 15000, 5, 1, 'Automática', 'Nuevo');
INSERT INTO AUTOS VALUES (2, 2, 'Mustang', 'Ford', 2019, 35000, 'Rojo', 5000, 'Gasolina', 10000, 3, 2, 'Manual', 'Usado');
INSERT INTO AUTOS VALUES (3, 3, 'Civic', 'Honda', 2018, 18000, 'Negro', 1600, 'Gasolina', 20000, 8, 3, 'Automática', 'Usado');
INSERT INTO AUTOS VALUES (4, 4, 'Model S', 'Tesla', 2021, 70000, 'Azul', 0, 'Eléctrico', 5000, 2, 4, 'Automática', 'Nuevo');
INSERT INTO AUTOS VALUES (5, 5, 'Altima', 'Nissan', 2017, 17000, 'Gris', 2500, 'Gasolina', 30000, 1, 5, 'Automática', 'Usado');
INSERT INTO AUTOS VALUES (6, 6, '3 Series', 'BMW', 2019, 40000, 'Blanco', 2000, 'Gasolina', 12000, 7, 6, 'Automática', 'Nuevo');
INSERT INTO AUTOS VALUES (7, 7, 'A4', 'Audi', 2018, 38000, 'Negro', 1900, 'Gasolina', 25000, 4, 7, 'Automática', 'Usado');
INSERT INTO AUTOS VALUES (8, 8, 'C-Class', 'Mercedes-Benz', 2020, 42000, 'Plateado', 2100, 'Gasolina', 8000, 9, 8, 'Automática', 'Nuevo');
INSERT INTO AUTOS VALUES (9, 9, 'Elantra', 'Hyundai', 2016, 15000, 'Rojo', 1600, 'Gasolina', 35000, 10, 9, 'Automática', 'Usado');
INSERT INTO AUTOS VALUES (10, 10, 'Golf', 'Volkswagen', 2017, 22000, 'Azul', 1400, 'Gasolina', 30000, 6, 10, 'Manual', 'Usado');


-- Insertar datos en la tabla: FACTURAS
INSERT INTO FACTURAS VALUES (1, 18000, 19800, TO_DATE('2024-01-15', 'YYYY-MM-DD'), TO_TIMESTAMP('2024-01-15 10:30:00', 'YYYY-MM-DD HH24:MI:SS'), 1);
INSERT INTO FACTURAS VALUES (2, 32000, 35200, TO_DATE('2024-02-20', 'YYYY-MM-DD'), TO_TIMESTAMP('2024-02-20 14:45:00', 'YYYY-MM-DD HH24:MI:SS'), 2);
INSERT INTO FACTURAS VALUES (3, 15000, 16500, TO_DATE('2024-03-25', 'YYYY-MM-DD'), TO_TIMESTAMP('2024-03-25 09:15:00', 'YYYY-MM-DD HH24:MI:SS'), 3);
INSERT INTO FACTURAS VALUES (4, 60000, 66000, TO_DATE('2024-04-30', 'YYYY-MM-DD'), TO_TIMESTAMP('2024-04-30 11:00:00', 'YYYY-MM-DD HH24:MI:SS'), 4);
INSERT INTO FACTURAS VALUES (5, 14500, 15950, TO_DATE('2024-05-05', 'YYYY-MM-DD'), TO_TIMESTAMP('2024-05-05 16:30:00', 'YYYY-MM-DD HH24:MI:SS'), 5);
INSERT INTO FACTURAS VALUES (6, 34000, 37400, TO_DATE('2024-06-10', 'YYYY-MM-DD'), TO_TIMESTAMP('2024-06-10 12:45:00', 'YYYY-MM-DD HH24:MI:SS'), 6);
INSERT INTO FACTURAS VALUES (7, 36000, 39600, TO_DATE('2024-07-15', 'YYYY-MM-DD'), TO_TIMESTAMP('2024-07-15 15:00:00', 'YYYY-MM-DD HH24:MI:SS'), 7);
INSERT INTO FACTURAS VALUES (8, 39000, 42900, TO_DATE('2024-08-20', 'YYYY-MM-DD'), TO_TIMESTAMP('2024-08-20 10:30:00', 'YYYY-MM-DD HH24:MI:SS'), 8);
INSERT INTO FACTURAS VALUES (9, 13000, 14300, TO_DATE('2024-09-25', 'YYYY-MM-DD'), TO_TIMESTAMP('2024-09-25 13:00:00', 'YYYY-MM-DD HH24:MI:SS'), 9);
INSERT INTO FACTURAS VALUES (10, 20000, 22000, TO_DATE('2024-10-30', 'YYYY-MM-DD'), TO_TIMESTAMP('2024-10-30 09:30:00', 'YYYY-MM-DD HH24:MI:SS'), 10);


-- Insertar datos en la tabla: VENTAS
INSERT INTO VENTAS VALUES (1, 1, TO_DATE('2024-01-15', 'YYYY-MM-DD'), 1, 1, 1);
INSERT INTO VENTAS VALUES (2, 2, TO_DATE('2024-02-20', 'YYYY-MM-DD'), 2, 2, 2);
INSERT INTO VENTAS VALUES (3, 3, TO_DATE('2024-03-25', 'YYYY-MM-DD'), 3, 3, 3);
INSERT INTO VENTAS VALUES (4, 4, TO_DATE('2024-04-30', 'YYYY-MM-DD'), 4, 4, 4);
INSERT INTO VENTAS VALUES (5, 5, TO_DATE('2024-05-05', 'YYYY-MM-DD'), 5, 5, 5);
INSERT INTO VENTAS VALUES (6, 6, TO_DATE('2024-06-10', 'YYYY-MM-DD'), 6, 6, 6);
INSERT INTO VENTAS VALUES (7, 7, TO_DATE('2024-07-15', 'YYYY-MM-DD'), 7, 7, 7);
INSERT INTO VENTAS VALUES (8, 8, TO_DATE('2024-08-20', 'YYYY-MM-DD'), 8, 8, 8);
INSERT INTO VENTAS VALUES (9, 9, TO_DATE('2024-09-25', 'YYYY-MM-DD'), 9, 9, 9);
INSERT INTO VENTAS VALUES (10, 10, TO_DATE('2024-10-30', 'YYYY-MM-DD'), 10, 10, 10);


-- Insertar datos en la tabla: REPUESTO
INSERT INTO REPUESTO VALUES (1, 1, 'Filtro de aceite', 10);
INSERT INTO REPUESTO VALUES (2, 2, 'Filtro de aire', 15);
INSERT INTO REPUESTO VALUES (3, 3, 'Bujías', 20);
INSERT INTO REPUESTO VALUES (4, 4, 'Pastillas de freno', 25);
INSERT INTO REPUESTO VALUES (5, 5, 'Batería', 30);
INSERT INTO REPUESTO VALUES (6, 6, 'Neumático', 5);
INSERT INTO REPUESTO VALUES (7, 7, 'Amortiguador', 8);
INSERT INTO REPUESTO VALUES (8, 8, 'Radiador', 12);
INSERT INTO REPUESTO VALUES (9, 9, 'Alternador', 18);
INSERT INTO REPUESTO VALUES (10, 10, 'Embrague', 22);


-- Insertar datos en la tabla: COTIZACIONES
INSERT INTO COTIZACIONES VALUES (1, 1, 1, 19000, TO_DATE('2024-01-05', 'YYYY-MM-DD'), 'Pendiente');
INSERT INTO COTIZACIONES VALUES (2, 2, 2, 34000, TO_DATE('2024-02-10', 'YYYY-MM-DD'), 'Aceptada');
INSERT INTO COTIZACIONES VALUES (3, 3, 3, 16000, TO_DATE('2024-03-15', 'YYYY-MM-DD'), 'Rechazada');
INSERT INTO COTIZACIONES VALUES (4, 4, 4, 65000, TO_DATE('2024-04-20', 'YYYY-MM-DD'), 'Pendiente');
INSERT INTO COTIZACIONES VALUES (5, 5, 5, 15000, TO_DATE('2024-05-25', 'YYYY-MM-DD'), 'Aceptada');
INSERT INTO COTIZACIONES VALUES (6, 6, 6, 36000, TO_DATE('2024-06-30', 'YYYY-MM-DD'), 'Rechazada');
INSERT INTO COTIZACIONES VALUES (7, 7, 7, 37000, TO_DATE('2024-07-05', 'YYYY-MM-DD'), 'Pendiente');
INSERT INTO COTIZACIONES VALUES (8, 8, 8, 41000, TO_DATE('2024-08-10', 'YYYY-MM-DD'), 'Aceptada');
INSERT INTO COTIZACIONES VALUES (9, 9, 9, 14000, TO_DATE('2024-09-15', 'YYYY-MM-DD'), 'Rechazada');
INSERT INTO COTIZACIONES VALUES (10, 10, 10, 21000, TO_DATE('2024-10-20', 'YYYY-MM-DD'), 'Pendiente');


-- Insertar datos en la tabla: FINANCIAMIENTO
INSERT INTO FINANCIAMIENTO VALUES (1, 1, 1, 15000, 3.5, 60, TO_DATE('2024-01-01', 'YYYY-MM-DD'), TO_DATE('2028-01-01', 'YYYY-MM-DD'), 'Banco Nacional');
INSERT INTO FINANCIAMIENTO VALUES (2, 2, 2, 30000, 4.0, 72, TO_DATE('2024-02-01', 'YYYY-MM-DD'), TO_DATE('2030-02-01', 'YYYY-MM-DD'), 'Banco de Costa Rica');
INSERT INTO FINANCIAMIENTO VALUES (3, 3, 3, 12000, 3.8, 48, TO_DATE('2024-03-01', 'YYYY-MM-DD'), TO_DATE('2028-03-01', 'YYYY-MM-DD'), 'Scotiabank');
INSERT INTO FINANCIAMIENTO VALUES (4, 4, 4, 55000, 3.6, 84, TO_DATE('2024-04-01', 'YYYY-MM-DD'), TO_DATE('2031-04-01', 'YYYY-MM-DD'), 'BAC San José');
INSERT INTO FINANCIAMIENTO VALUES (5, 5, 5, 14000, 3.7, 60, TO_DATE('2024-05-01', 'YYYY-MM-DD'), TO_DATE('2029-05-01', 'YYYY-MM-DD'), 'Banco Promerica');
INSERT INTO FINANCIAMIENTO VALUES (6, 6, 6, 35000, 3.9, 72, TO_DATE('2024-06-01', 'YYYY-MM-DD'), TO_DATE('2030-06-01', 'YYYY-MM-DD'), 'Davivienda');
INSERT INTO FINANCIAMIENTO VALUES (7, 7, 7, 36000, 3.5, 84, TO_DATE('2024-07-01', 'YYYY-MM-DD'), TO_DATE('2031-07-01', 'YYYY-MM-DD'), 'Banco Popular');
INSERT INTO FINANCIAMIENTO VALUES (8, 8, 8, 40000, 4.1, 96, TO_DATE('2024-08-01', 'YYYY-MM-DD'), TO_DATE('2032-08-01', 'YYYY-MM-DD'), 'Banco Lafise');
INSERT INTO FINANCIAMIENTO VALUES (9, 9, 9, 13000, 3.6, 48, TO_DATE('2024-09-01', 'YYYY-MM-DD'), TO_DATE('2028-09-01', 'YYYY-MM-DD'), 'HSBC');
INSERT INTO FINANCIAMIENTO VALUES (10, 10, 10, 20000, 3.8, 60, TO_DATE('2024-10-01', 'YYYY-MM-DD'), TO_DATE('2029-10-01', 'YYYY-MM-DD'), 'Citibank');


